layer	head	probe	baseline	ablated_acc	drop	macro_f1
0	0	clean	0.1242	0.1264	-0.0022	0.1262
0	0	texture	0.1242	0.1220	+0.0022	0.1186
0	0	shape	0.1131	0.1064	+0.0067	0.1119
0	0	spatial	0.1353	0.1330	+0.0022	0.1286
0	1	clean	0.1242	0.1242	+0.0000	0.1246
0	1	texture	0.1242	0.1242	+0.0000	0.1218
0	1	shape	0.1131	0.1153	-0.0022	0.1215
0	1	spatial	0.1353	0.1242	+0.0111	0.1207
0	2	clean	0.1242	0.1308	-0.0067	0.1309
0	2	texture	0.1242	0.1264	-0.0022	0.1228
0	2	shape	0.1131	0.1197	-0.0067	0.1243
0	2	spatial	0.1353	0.1308	+0.0044	0.1279
0	3	clean	0.1242	0.1220	+0.0022	0.1212
0	3	texture	0.1242	0.1264	-0.0022	0.1234
0	3	shape	0.1131	0.1086	+0.0044	0.1141
0	3	spatial	0.1353	0.1330	+0.0022	0.1287
0	4	clean	0.1242	0.1242	+0.0000	0.1251
0	4	texture	0.1242	0.1264	-0.0022	0.1231
0	4	shape	0.1131	0.1109	+0.0022	0.1176
0	4	spatial	0.1353	0.1308	+0.0044	0.1259
0	5	clean	0.1242	0.1286	-0.0044	0.1280
0	5	texture	0.1242	0.1264	-0.0022	0.1227
0	5	shape	0.1131	0.1109	+0.0022	0.1169
0	5	spatial	0.1353	0.1330	+0.0022	0.1294
0	6	clean	0.1242	0.1086	+0.0155	0.1125
0	6	texture	0.1242	0.1086	+0.0155	0.1073
0	6	shape	0.1131	0.1242	-0.0111	0.1195
0	6	spatial	0.1353	0.1197	+0.0155	0.1219
0	7	clean	0.1242	0.1308	-0.0067	0.1320
0	7	texture	0.1242	0.1264	-0.0022	0.1236
0	7	shape	0.1131	0.1153	-0.0022	0.1210
0	7	spatial	0.1353	0.1286	+0.0067	0.1247
0	8	clean	0.1242	0.1264	-0.0022	0.1263
0	8	texture	0.1242	0.1242	+0.0000	0.1219
0	8	shape	0.1131	0.1131	+0.0000	0.1191
0	8	spatial	0.1353	0.1353	+0.0000	0.1320
0	9	clean	0.1242	0.1264	-0.0022	0.1259
0	9	texture	0.1242	0.1264	-0.0022	0.1231
0	9	shape	0.1131	0.1175	-0.0044	0.1226
0	9	spatial	0.1353	0.1308	+0.0044	0.1277
0	10	clean	0.1242	0.1264	-0.0022	0.1247
0	10	texture	0.1242	0.1197	+0.0044	0.1168
0	10	shape	0.1131	0.1109	+0.0022	0.1170
0	10	spatial	0.1353	0.1330	+0.0022	0.1306
0	11	clean	0.1242	0.1286	-0.0044	0.1283
0	11	texture	0.1242	0.1242	+0.0000	0.1194
0	11	shape	0.1131	0.1131	+0.0000	0.1192
0	11	spatial	0.1353	0.1353	+0.0000	0.1310
1	0	clean	0.1242	0.1175	+0.0067	0.1180
1	0	texture	0.1242	0.1264	-0.0022	0.1224
1	0	shape	0.1131	0.1109	+0.0022	0.1170
1	0	spatial	0.1353	0.1264	+0.0089	0.1231
1	1	clean	0.1242	0.1264	-0.0022	0.1261
1	1	texture	0.1242	0.1220	+0.0022	0.1195
1	1	shape	0.1131	0.1153	-0.0022	0.1212
1	1	spatial	0.1353	0.1330	+0.0022	0.1284
1	2	clean	0.1242	0.1153	+0.0089	0.1141
1	2	texture	0.1242	0.1264	-0.0022	0.1239
1	2	shape	0.1131	0.1153	-0.0022	0.1183
1	2	spatial	0.1353	0.1308	+0.0044	0.1275
1	3	clean	0.1242	0.1220	+0.0022	0.1221
1	3	texture	0.1242	0.1220	+0.0022	0.1185
1	3	shape	0.1131	0.1153	-0.0022	0.1225
1	3	spatial	0.1353	0.1308	+0.0044	0.1264
1	4	clean	0.1242	0.1242	+0.0000	0.1238
1	4	texture	0.1242	0.1220	+0.0022	0.1188
1	4	shape	0.1131	0.1109	+0.0022	0.1169
1	4	spatial	0.1353	0.1220	+0.0133	0.1157
1	5	clean	0.1242	0.1242	+0.0000	0.1247
1	5	texture	0.1242	0.1242	+0.0000	0.1209
1	5	shape	0.1131	0.1064	+0.0067	0.1126
1	5	spatial	0.1353	0.1330	+0.0022	0.1292
1	6	clean	0.1242	0.1220	+0.0022	0.1229
1	6	texture	0.1242	0.1242	+0.0000	0.1214
1	6	shape	0.1131	0.1131	+0.0000	0.1189
1	6	spatial	0.1353	0.1330	+0.0022	0.1286
1	7	clean	0.1242	0.1175	+0.0067	0.1176
1	7	texture	0.1242	0.1220	+0.0022	0.1199
1	7	shape	0.1131	0.1131	+0.0000	0.1183
1	7	spatial	0.1353	0.1286	+0.0067	0.1232
1	8	clean	0.1242	0.1086	+0.0155	0.1092
1	8	texture	0.1242	0.1153	+0.0089	0.1124
1	8	shape	0.1131	0.1064	+0.0067	0.1123
1	8	spatial	0.1353	0.1308	+0.0044	0.1267
1	9	clean	0.1242	0.1242	+0.0000	0.1237
1	9	texture	0.1242	0.1264	-0.0022	0.1224
1	9	shape	0.1131	0.1131	+0.0000	0.1175
1	9	spatial	0.1353	0.1308	+0.0044	0.1268
1	10	clean	0.1242	0.1220	+0.0022	0.1218
1	10	texture	0.1242	0.1197	+0.0044	0.1172
1	10	shape	0.1131	0.1109	+0.0022	0.1174
1	10	spatial	0.1353	0.1375	-0.0022	0.1341
1	11	clean	0.1242	0.1242	+0.0000	0.1229
1	11	texture	0.1242	0.1175	+0.0067	0.1155
1	11	shape	0.1131	0.1131	+0.0000	0.1178
1	11	spatial	0.1353	0.1375	-0.0022	0.1324
2	0	clean	0.1242	0.1220	+0.0022	0.1212
2	0	texture	0.1242	0.1220	+0.0022	0.1191
2	0	shape	0.1131	0.1131	+0.0000	0.1192
2	0	spatial	0.1353	0.1330	+0.0022	0.1292
2	1	clean	0.1242	0.1197	+0.0044	0.1161
2	1	texture	0.1242	0.1220	+0.0022	0.1167
2	1	shape	0.1131	0.1064	+0.0067	0.1106
2	1	spatial	0.1353	0.1197	+0.0155	0.1158
2	2	clean	0.1242	0.1264	-0.0022	0.1253
2	2	texture	0.1242	0.1264	-0.0022	0.1241
2	2	shape	0.1131	0.1153	-0.0022	0.1200
2	2	spatial	0.1353	0.1375	-0.0022	0.1312
2	3	clean	0.1242	0.1220	+0.0022	0.1208
2	3	texture	0.1242	0.1153	+0.0089	0.1145
2	3	shape	0.1131	0.1086	+0.0044	0.1144
2	3	spatial	0.1353	0.1308	+0.0044	0.1247
2	4	clean	0.1242	0.1220	+0.0022	0.1200
2	4	texture	0.1242	0.1220	+0.0022	0.1200
2	4	shape	0.1131	0.1109	+0.0022	0.1143
2	4	spatial	0.1353	0.1330	+0.0022	0.1294
2	5	clean	0.1242	0.1286	-0.0044	0.1278
2	5	texture	0.1242	0.1197	+0.0044	0.1163
2	5	shape	0.1131	0.1264	-0.0133	0.1253
2	5	spatial	0.1353	0.1397	-0.0044	0.1315
2	6	clean	0.1242	0.1242	+0.0000	0.1236
2	6	texture	0.1242	0.1220	+0.0022	0.1189
2	6	shape	0.1131	0.1153	-0.0022	0.1188
2	6	spatial	0.1353	0.1330	+0.0022	0.1287
2	7	clean	0.1242	0.1220	+0.0022	0.1223
2	7	texture	0.1242	0.1242	+0.0000	0.1215
2	7	shape	0.1131	0.1131	+0.0000	0.1196
2	7	spatial	0.1353	0.1308	+0.0044	0.1260
2	8	clean	0.1242	0.1175	+0.0067	0.1156
2	8	texture	0.1242	0.1175	+0.0067	0.1145
2	8	shape	0.1131	0.1109	+0.0022	0.1167
2	8	spatial	0.1353	0.1308	+0.0044	0.1236
2	9	clean	0.1242	0.1175	+0.0067	0.1170
2	9	texture	0.1242	0.1197	+0.0044	0.1192
2	9	shape	0.1131	0.1064	+0.0067	0.1119
2	9	spatial	0.1353	0.1330	+0.0022	0.1267
2	10	clean	0.1242	0.1175	+0.0067	0.1217
2	10	texture	0.1242	0.1175	+0.0067	0.1133
2	10	shape	0.1131	0.1220	-0.0089	0.1261
2	10	spatial	0.1353	0.1330	+0.0022	0.1253
2	11	clean	0.1242	0.1220	+0.0022	0.1191
2	11	texture	0.1242	0.1153	+0.0089	0.1125
2	11	shape	0.1131	0.1153	-0.0022	0.1140
2	11	spatial	0.1353	0.1264	+0.0089	0.1188
3	0	clean	0.1242	0.1220	+0.0022	0.1197
3	0	texture	0.1242	0.1131	+0.0111	0.1112
3	0	shape	0.1131	0.1153	-0.0022	0.1203
3	0	spatial	0.1353	0.1264	+0.0089	0.1223
3	1	clean	0.1242	0.1220	+0.0022	0.1225
3	1	texture	0.1242	0.1264	-0.0022	0.1235
3	1	shape	0.1131	0.1064	+0.0067	0.1116
3	1	spatial	0.1353	0.1286	+0.0067	0.1244
3	2	clean	0.1242	0.1197	+0.0044	0.1173
3	2	texture	0.1242	0.1153	+0.0089	0.1122
3	2	shape	0.1131	0.1131	+0.0000	0.1183
3	2	spatial	0.1353	0.1353	+0.0000	0.1291
3	3	clean	0.1242	0.1242	+0.0000	0.1233
3	3	texture	0.1242	0.1197	+0.0044	0.1179
3	3	shape	0.1131	0.1242	-0.0111	0.1278
3	3	spatial	0.1353	0.1353	+0.0000	0.1301
3	4	clean	0.1242	0.1153	+0.0089	0.1148
3	4	texture	0.1242	0.1042	+0.0200	0.1028
3	4	shape	0.1131	0.1020	+0.0111	0.1046
3	4	spatial	0.1353	0.1264	+0.0089	0.1211
3	5	clean	0.1242	0.1109	+0.0133	0.1137
3	5	texture	0.1242	0.1197	+0.0044	0.1168
3	5	shape	0.1131	0.1197	-0.0067	0.1213
3	5	spatial	0.1353	0.1463	-0.0111	0.1347
3	6	clean	0.1242	0.1286	-0.0044	0.1275
3	6	texture	0.1242	0.1286	-0.0044	0.1249
3	6	shape	0.1131	0.1242	-0.0111	0.1305
3	6	spatial	0.1353	0.1397	-0.0044	0.1314
3	7	clean	0.1242	0.1375	-0.0133	0.1353
3	7	texture	0.1242	0.1463	-0.0222	0.1383
3	7	shape	0.1131	0.1153	-0.0022	0.1175
3	7	spatial	0.1353	0.1463	-0.0111	0.1361
3	8	clean	0.1242	0.1242	+0.0000	0.1243
3	8	texture	0.1242	0.1220	+0.0022	0.1191
3	8	shape	0.1131	0.1131	+0.0000	0.1165
3	8	spatial	0.1353	0.1330	+0.0022	0.1292
3	9	clean	0.1242	0.1330	-0.0089	0.1332
3	9	texture	0.1242	0.1286	-0.0044	0.1263
3	9	shape	0.1131	0.1153	-0.0022	0.1199
3	9	spatial	0.1353	0.1330	+0.0022	0.1283
3	10	clean	0.1242	0.1286	-0.0044	0.1280
3	10	texture	0.1242	0.1242	+0.0000	0.1238
3	10	shape	0.1131	0.1153	-0.0022	0.1238
3	10	spatial	0.1353	0.1286	+0.0067	0.1258
3	11	clean	0.1242	0.1242	+0.0000	0.1234
3	11	texture	0.1242	0.1153	+0.0089	0.1147
3	11	shape	0.1131	0.1220	-0.0089	0.1245
3	11	spatial	0.1353	0.1264	+0.0089	0.1241
4	0	clean	0.1242	0.1242	+0.0000	0.1240
4	0	texture	0.1242	0.1220	+0.0022	0.1189
4	0	shape	0.1131	0.1175	-0.0044	0.1250
4	0	spatial	0.1353	0.1220	+0.0133	0.1162
4	1	clean	0.1242	0.1242	+0.0000	0.1230
4	1	texture	0.1242	0.1264	-0.0022	0.1231
4	1	shape	0.1131	0.1153	-0.0022	0.1185
4	1	spatial	0.1353	0.1486	-0.0133	0.1409
4	2	clean	0.1242	0.1264	-0.0022	0.1250
4	2	texture	0.1242	0.1153	+0.0089	0.1133
4	2	shape	0.1131	0.1153	-0.0022	0.1221
4	2	spatial	0.1353	0.1353	+0.0000	0.1359
4	3	clean	0.1242	0.1242	+0.0000	0.1222
4	3	texture	0.1242	0.1197	+0.0044	0.1155
4	3	shape	0.1131	0.1131	+0.0000	0.1165
4	3	spatial	0.1353	0.1264	+0.0089	0.1211
4	4	clean	0.1242	0.1286	-0.0044	0.1269
4	4	texture	0.1242	0.1109	+0.0133	0.1099
4	4	shape	0.1131	0.1153	-0.0022	0.1228
4	4	spatial	0.1353	0.1264	+0.0089	0.1231
4	5	clean	0.1242	0.1242	+0.0000	0.1234
4	5	texture	0.1242	0.1264	-0.0022	0.1238
4	5	shape	0.1131	0.1153	-0.0022	0.1218
4	5	spatial	0.1353	0.1308	+0.0044	0.1276
4	6	clean	0.1242	0.1264	-0.0022	0.1286
4	6	texture	0.1242	0.1153	+0.0089	0.1122
4	6	shape	0.1131	0.1153	-0.0022	0.1219
4	6	spatial	0.1353	0.1264	+0.0089	0.1243
4	7	clean	0.1242	0.1175	+0.0067	0.1190
4	7	texture	0.1242	0.1175	+0.0067	0.1142
4	7	shape	0.1131	0.1153	-0.0022	0.1212
4	7	spatial	0.1353	0.1286	+0.0067	0.1222
4	8	clean	0.1242	0.1131	+0.0111	0.1157
4	8	texture	0.1242	0.1131	+0.0111	0.1136
4	8	shape	0.1131	0.1175	-0.0044	0.1222
4	8	spatial	0.1353	0.1286	+0.0067	0.1287
4	9	clean	0.1242	0.1242	+0.0000	0.1234
4	9	texture	0.1242	0.1242	+0.0000	0.1221
4	9	shape	0.1131	0.1086	+0.0044	0.1130
4	9	spatial	0.1353	0.1353	+0.0000	0.1314
4	10	clean	0.1242	0.1242	+0.0000	0.1241
4	10	texture	0.1242	0.1197	+0.0044	0.1169
4	10	shape	0.1131	0.1153	-0.0022	0.1212
4	10	spatial	0.1353	0.1286	+0.0067	0.1249
4	11	clean	0.1242	0.1242	+0.0000	0.1209
4	11	texture	0.1242	0.1131	+0.0111	0.1122
4	11	shape	0.1131	0.1131	+0.0000	0.1181
4	11	spatial	0.1353	0.1330	+0.0022	0.1294
5	0	clean	0.1242	0.1131	+0.0111	0.1100
5	0	texture	0.1242	0.1175	+0.0067	0.1129
5	0	shape	0.1131	0.1131	+0.0000	0.1191
5	0	spatial	0.1353	0.1353	+0.0000	0.1294
5	1	clean	0.1242	0.1220	+0.0022	0.1231
5	1	texture	0.1242	0.1153	+0.0089	0.1148
5	1	shape	0.1131	0.1086	+0.0044	0.1158
5	1	spatial	0.1353	0.1375	-0.0022	0.1325
5	2	clean	0.1242	0.1220	+0.0022	0.1203
5	2	texture	0.1242	0.1175	+0.0067	0.1160
5	2	shape	0.1131	0.1109	+0.0022	0.1151
5	2	spatial	0.1353	0.1220	+0.0133	0.1180
5	3	clean	0.1242	0.1286	-0.0044	0.1283
5	3	texture	0.1242	0.1220	+0.0022	0.1163
5	3	shape	0.1131	0.1086	+0.0044	0.1140
5	3	spatial	0.1353	0.1286	+0.0067	0.1220
5	4	clean	0.1242	0.1220	+0.0022	0.1231
5	4	texture	0.1242	0.1175	+0.0067	0.1162
5	4	shape	0.1131	0.1064	+0.0067	0.1138
5	4	spatial	0.1353	0.1308	+0.0044	0.1284
5	5	clean	0.1242	0.1220	+0.0022	0.1216
5	5	texture	0.1242	0.1131	+0.0111	0.1112
5	5	shape	0.1131	0.1131	+0.0000	0.1205
5	5	spatial	0.1353	0.1330	+0.0022	0.1273
5	6	clean	0.1242	0.1220	+0.0022	0.1206
5	6	texture	0.1242	0.1197	+0.0044	0.1188
5	6	shape	0.1131	0.1131	+0.0000	0.1193
5	6	spatial	0.1353	0.1330	+0.0022	0.1271
5	7	clean	0.1242	0.1242	+0.0000	0.1249
5	7	texture	0.1242	0.1109	+0.0133	0.1102
5	7	shape	0.1131	0.1242	-0.0111	0.1287
5	7	spatial	0.1353	0.1286	+0.0067	0.1261
5	8	clean	0.1242	0.1175	+0.0067	0.1162
5	8	texture	0.1242	0.1220	+0.0022	0.1191
5	8	shape	0.1131	0.1131	+0.0000	0.1145
5	8	spatial	0.1353	0.1353	+0.0000	0.1269
5	9	clean	0.1242	0.1197	+0.0044	0.1177
5	9	texture	0.1242	0.1175	+0.0067	0.1148
5	9	shape	0.1131	0.1242	-0.0111	0.1281
5	9	spatial	0.1353	0.1197	+0.0155	0.1160
5	10	clean	0.1242	0.1308	-0.0067	0.1305
5	10	texture	0.1242	0.1264	-0.0022	0.1258
5	10	shape	0.1131	0.1242	-0.0111	0.1287
5	10	spatial	0.1353	0.1441	-0.0089	0.1410
5	11	clean	0.1242	0.1109	+0.0133	0.1126
5	11	texture	0.1242	0.1175	+0.0067	0.1168
5	11	shape	0.1131	0.1086	+0.0044	0.1154
5	11	spatial	0.1353	0.1308	+0.0044	0.1277
6	0	clean	0.1242	0.1242	+0.0000	0.1236
6	0	texture	0.1242	0.1264	-0.0022	0.1230
6	0	shape	0.1131	0.1109	+0.0022	0.1145
6	0	spatial	0.1353	0.1264	+0.0089	0.1243
6	1	clean	0.1242	0.1242	+0.0000	0.1234
6	1	texture	0.1242	0.1197	+0.0044	0.1182
6	1	shape	0.1131	0.1220	-0.0089	0.1254
6	1	spatial	0.1353	0.1308	+0.0044	0.1266
6	2	clean	0.1242	0.1308	-0.0067	0.1309
6	2	texture	0.1242	0.1220	+0.0022	0.1169
6	2	shape	0.1131	0.1197	-0.0067	0.1245
6	2	spatial	0.1353	0.1308	+0.0044	0.1256
6	3	clean	0.1242	0.1197	+0.0044	0.1215
6	3	texture	0.1242	0.1220	+0.0022	0.1228
6	3	shape	0.1131	0.1242	-0.0111	0.1257
6	3	spatial	0.1353	0.1308	+0.0044	0.1302
6	4	clean	0.1242	0.1153	+0.0089	0.1158
6	4	texture	0.1242	0.1131	+0.0111	0.1127
6	4	shape	0.1131	0.1131	+0.0000	0.1181
6	4	spatial	0.1353	0.1286	+0.0067	0.1238
6	5	clean	0.1242	0.1286	-0.0044	0.1283
6	5	texture	0.1242	0.1175	+0.0067	0.1167
6	5	shape	0.1131	0.1197	-0.0067	0.1245
6	5	spatial	0.1353	0.1353	+0.0000	0.1296
6	6	clean	0.1242	0.1264	-0.0022	0.1265
6	6	texture	0.1242	0.1197	+0.0044	0.1207
6	6	shape	0.1131	0.1153	-0.0022	0.1200
6	6	spatial	0.1353	0.1264	+0.0089	0.1216
6	7	clean	0.1242	0.1153	+0.0089	0.1159
6	7	texture	0.1242	0.1175	+0.0067	0.1168
6	7	shape	0.1131	0.1086	+0.0044	0.1140
6	7	spatial	0.1353	0.1308	+0.0044	0.1272
6	8	clean	0.1242	0.1175	+0.0067	0.1181
6	8	texture	0.1242	0.1264	-0.0022	0.1246
6	8	shape	0.1131	0.1086	+0.0044	0.1146
6	8	spatial	0.1353	0.1220	+0.0133	0.1185
6	9	clean	0.1242	0.1286	-0.0044	0.1258
6	9	texture	0.1242	0.1175	+0.0067	0.1178
6	9	shape	0.1131	0.1020	+0.0111	0.1107
6	9	spatial	0.1353	0.1220	+0.0133	0.1158
6	10	clean	0.1242	0.1197	+0.0044	0.1168
6	10	texture	0.1242	0.1175	+0.0067	0.1146
6	10	shape	0.1131	0.1086	+0.0044	0.1138
6	10	spatial	0.1353	0.1330	+0.0022	0.1267
6	11	clean	0.1242	0.1264	-0.0022	0.1283
6	11	texture	0.1242	0.1220	+0.0022	0.1178
6	11	shape	0.1131	0.1242	-0.0111	0.1287
6	11	spatial	0.1353	0.1330	+0.0022	0.1286
7	0	clean	0.1242	0.1242	+0.0000	0.1231
7	0	texture	0.1242	0.1242	+0.0000	0.1213
7	0	shape	0.1131	0.1153	-0.0022	0.1197
7	0	spatial	0.1353	0.1220	+0.0133	0.1211
7	1	clean	0.1242	0.1175	+0.0067	0.1165
7	1	texture	0.1242	0.1109	+0.0133	0.1077
7	1	shape	0.1131	0.1131	+0.0000	0.1178
7	1	spatial	0.1353	0.1286	+0.0067	0.1246
7	2	clean	0.1242	0.1220	+0.0022	0.1226
7	2	texture	0.1242	0.1175	+0.0067	0.1171
7	2	shape	0.1131	0.1064	+0.0067	0.1136
7	2	spatial	0.1353	0.1220	+0.0133	0.1196
7	3	clean	0.1242	0.1220	+0.0022	0.1246
7	3	texture	0.1242	0.1131	+0.0111	0.1134
7	3	shape	0.1131	0.1064	+0.0067	0.1124
7	3	spatial	0.1353	0.1330	+0.0022	0.1301
7	4	clean	0.1242	0.1220	+0.0022	0.1225
7	4	texture	0.1242	0.1286	-0.0044	0.1222
7	4	shape	0.1131	0.1153	-0.0022	0.1231
7	4	spatial	0.1353	0.1308	+0.0044	0.1285
7	5	clean	0.1242	0.1242	+0.0000	0.1240
7	5	texture	0.1242	0.1220	+0.0022	0.1208
7	5	shape	0.1131	0.1086	+0.0044	0.1138
7	5	spatial	0.1353	0.1286	+0.0067	0.1246
7	6	clean	0.1242	0.1175	+0.0067	0.1190
7	6	texture	0.1242	0.1197	+0.0044	0.1195
7	6	shape	0.1131	0.1020	+0.0111	0.1051
7	6	spatial	0.1353	0.1308	+0.0044	0.1260
7	7	clean	0.1242	0.1175	+0.0067	0.1183
7	7	texture	0.1242	0.1242	+0.0000	0.1225
7	7	shape	0.1131	0.1197	-0.0067	0.1264
7	7	spatial	0.1353	0.1353	+0.0000	0.1337
7	8	clean	0.1242	0.1220	+0.0022	0.1189
7	8	texture	0.1242	0.1264	-0.0022	0.1247
7	8	shape	0.1131	0.1086	+0.0044	0.1112
7	8	spatial	0.1353	0.1197	+0.0155	0.1168
7	9	clean	0.1242	0.1175	+0.0067	0.1183
7	9	texture	0.1242	0.1131	+0.0111	0.1105
7	9	shape	0.1131	0.1131	+0.0000	0.1200
7	9	spatial	0.1353	0.1308	+0.0044	0.1281
7	10	clean	0.1242	0.1153	+0.0089	0.1154
7	10	texture	0.1242	0.1197	+0.0044	0.1162
7	10	shape	0.1131	0.1064	+0.0067	0.1110
7	10	spatial	0.1353	0.1264	+0.0089	0.1228
7	11	clean	0.1242	0.1330	-0.0089	0.1343
7	11	texture	0.1242	0.1153	+0.0089	0.1139
7	11	shape	0.1131	0.1197	-0.0067	0.1250
7	11	spatial	0.1353	0.1308	+0.0044	0.1276
8	0	clean	0.1242	0.1264	-0.0022	0.1235
8	0	texture	0.1242	0.1175	+0.0067	0.1132
8	0	shape	0.1131	0.1086	+0.0044	0.1168
8	0	spatial	0.1353	0.1264	+0.0089	0.1212
8	1	clean	0.1242	0.1220	+0.0022	0.1214
8	1	texture	0.1242	0.1197	+0.0044	0.1162
8	1	shape	0.1131	0.1086	+0.0044	0.1160
8	1	spatial	0.1353	0.1175	+0.0177	0.1167
8	2	clean	0.1242	0.1220	+0.0022	0.1191
8	2	texture	0.1242	0.1086	+0.0155	0.1072
8	2	shape	0.1131	0.1153	-0.0022	0.1198
8	2	spatial	0.1353	0.1286	+0.0067	0.1252
8	3	clean	0.1242	0.1242	+0.0000	0.1226
8	3	texture	0.1242	0.1064	+0.0177	0.1043
8	3	shape	0.1131	0.1109	+0.0022	0.1166
8	3	spatial	0.1353	0.1197	+0.0155	0.1162
8	4	clean	0.1242	0.1086	+0.0155	0.1095
8	4	texture	0.1242	0.1175	+0.0067	0.1160
8	4	shape	0.1131	0.1064	+0.0067	0.1152
8	4	spatial	0.1353	0.1264	+0.0089	0.1225
8	5	clean	0.1242	0.1109	+0.0133	0.1130
8	5	texture	0.1242	0.1197	+0.0044	0.1187
8	5	shape	0.1131	0.1175	-0.0044	0.1238
8	5	spatial	0.1353	0.1220	+0.0133	0.1176
8	6	clean	0.1242	0.1175	+0.0067	0.1168
8	6	texture	0.1242	0.1175	+0.0067	0.1151
8	6	shape	0.1131	0.1175	-0.0044	0.1199
8	6	spatial	0.1353	0.1375	-0.0022	0.1311
8	7	clean	0.1242	0.1242	+0.0000	0.1218
8	7	texture	0.1242	0.1220	+0.0022	0.1180
8	7	shape	0.1131	0.1109	+0.0022	0.1165
8	7	spatial	0.1353	0.1330	+0.0022	0.1279
8	8	clean	0.1242	0.1308	-0.0067	0.1276
8	8	texture	0.1242	0.1197	+0.0044	0.1184
8	8	shape	0.1131	0.1131	+0.0000	0.1197
8	8	spatial	0.1353	0.1330	+0.0022	0.1298
8	9	clean	0.1242	0.1153	+0.0089	0.1138
8	9	texture	0.1242	0.1086	+0.0155	0.1059
8	9	shape	0.1131	0.1086	+0.0044	0.1112
8	9	spatial	0.1353	0.1330	+0.0022	0.1266
8	10	clean	0.1242	0.1286	-0.0044	0.1287
8	10	texture	0.1242	0.1153	+0.0089	0.1135
8	10	shape	0.1131	0.1086	+0.0044	0.1129
8	10	spatial	0.1353	0.1308	+0.0044	0.1251
8	11	clean	0.1242	0.1330	-0.0089	0.1302
8	11	texture	0.1242	0.1242	+0.0000	0.1205
8	11	shape	0.1131	0.1175	-0.0044	0.1223
8	11	spatial	0.1353	0.1308	+0.0044	0.1273
9	0	clean	0.1242	0.1220	+0.0022	0.1203
9	0	texture	0.1242	0.1175	+0.0067	0.1158
9	0	shape	0.1131	0.1153	-0.0022	0.1203
9	0	spatial	0.1353	0.1264	+0.0089	0.1210
9	1	clean	0.1242	0.1220	+0.0022	0.1194
9	1	texture	0.1242	0.1242	+0.0000	0.1198
9	1	shape	0.1131	0.1175	-0.0044	0.1188
9	1	spatial	0.1353	0.1353	+0.0000	0.1307
9	2	clean	0.1242	0.1175	+0.0067	0.1181
9	2	texture	0.1242	0.1197	+0.0044	0.1174
9	2	shape	0.1131	0.1020	+0.0111	0.1077
9	2	spatial	0.1353	0.1330	+0.0022	0.1291
9	3	clean	0.1242	0.1220	+0.0022	0.1215
9	3	texture	0.1242	0.1086	+0.0155	0.1068
9	3	shape	0.1131	0.1086	+0.0044	0.1153
9	3	spatial	0.1353	0.1286	+0.0067	0.1262
9	4	clean	0.1242	0.1242	+0.0000	0.1245
9	4	texture	0.1242	0.1197	+0.0044	0.1188
9	4	shape	0.1131	0.1153	-0.0022	0.1225
9	4	spatial	0.1353	0.1242	+0.0111	0.1208
9	5	clean	0.1242	0.1109	+0.0133	0.1131
9	5	texture	0.1242	0.1175	+0.0067	0.1143
9	5	shape	0.1131	0.1086	+0.0044	0.1160
9	5	spatial	0.1353	0.1220	+0.0133	0.1173
9	6	clean	0.1242	0.1264	-0.0022	0.1269
9	6	texture	0.1242	0.1220	+0.0022	0.1219
9	6	shape	0.1131	0.1175	-0.0044	0.1236
9	6	spatial	0.1353	0.1330	+0.0022	0.1291
9	7	clean	0.1242	0.1242	+0.0000	0.1259
9	7	texture	0.1242	0.1197	+0.0044	0.1188
9	7	shape	0.1131	0.1153	-0.0022	0.1225
9	7	spatial	0.1353	0.1264	+0.0089	0.1236
9	8	clean	0.1242	0.1242	+0.0000	0.1247
9	8	texture	0.1242	0.1242	+0.0000	0.1216
9	8	shape	0.1131	0.1153	-0.0022	0.1193
9	8	spatial	0.1353	0.1330	+0.0022	0.1264
9	9	clean	0.1242	0.1308	-0.0067	0.1323
9	9	texture	0.1242	0.1197	+0.0044	0.1178
9	9	shape	0.1131	0.1064	+0.0067	0.1135
9	9	spatial	0.1353	0.1286	+0.0067	0.1257
9	10	clean	0.1242	0.1220	+0.0022	0.1208
9	10	texture	0.1242	0.1153	+0.0089	0.1124
9	10	shape	0.1131	0.1042	+0.0089	0.1079
9	10	spatial	0.1353	0.1308	+0.0044	0.1276
9	11	clean	0.1242	0.1308	-0.0067	0.1308
9	11	texture	0.1242	0.1153	+0.0089	0.1122
9	11	shape	0.1131	0.1109	+0.0022	0.1177
9	11	spatial	0.1353	0.1330	+0.0022	0.1324
10	0	clean	0.1242	0.1175	+0.0067	0.1186
10	0	texture	0.1242	0.1175	+0.0067	0.1173
10	0	shape	0.1131	0.1064	+0.0067	0.1156
10	0	spatial	0.1353	0.1264	+0.0089	0.1235
10	1	clean	0.1242	0.1197	+0.0044	0.1187
10	1	texture	0.1242	0.1264	-0.0022	0.1234
10	1	shape	0.1131	0.1109	+0.0022	0.1174
10	1	spatial	0.1353	0.1264	+0.0089	0.1225
10	2	clean	0.1242	0.1220	+0.0022	0.1209
10	2	texture	0.1242	0.1153	+0.0089	0.1156
10	2	shape	0.1131	0.1042	+0.0089	0.1099
10	2	spatial	0.1353	0.1220	+0.0133	0.1188
10	3	clean	0.1242	0.1242	+0.0000	0.1264
10	3	texture	0.1242	0.1197	+0.0044	0.1169
10	3	shape	0.1131	0.1242	-0.0111	0.1295
10	3	spatial	0.1353	0.1375	-0.0022	0.1324
10	4	clean	0.1242	0.1175	+0.0067	0.1176
10	4	texture	0.1242	0.1197	+0.0044	0.1182
10	4	shape	0.1131	0.1086	+0.0044	0.1154
10	4	spatial	0.1353	0.1220	+0.0133	0.1195
10	5	clean	0.1242	0.1264	-0.0022	0.1271
10	5	texture	0.1242	0.1286	-0.0044	0.1273
10	5	shape	0.1131	0.1109	+0.0022	0.1197
10	5	spatial	0.1353	0.1375	-0.0022	0.1310
10	6	clean	0.1242	0.1286	-0.0044	0.1265
10	6	texture	0.1242	0.1242	+0.0000	0.1219
10	6	shape	0.1131	0.1197	-0.0067	0.1261
10	6	spatial	0.1353	0.1330	+0.0022	0.1274
10	7	clean	0.1242	0.1197	+0.0044	0.1187
10	7	texture	0.1242	0.1131	+0.0111	0.1130
10	7	shape	0.1131	0.1042	+0.0089	0.1092
10	7	spatial	0.1353	0.1286	+0.0067	0.1252
10	8	clean	0.1242	0.1330	-0.0089	0.1318
10	8	texture	0.1242	0.1220	+0.0022	0.1210
10	8	shape	0.1131	0.1064	+0.0067	0.1113
10	8	spatial	0.1353	0.1286	+0.0067	0.1227
10	9	clean	0.1242	0.1286	-0.0044	0.1278
10	9	texture	0.1242	0.1220	+0.0022	0.1233
10	9	shape	0.1131	0.1153	-0.0022	0.1196
10	9	spatial	0.1353	0.1308	+0.0044	0.1279
10	10	clean	0.1242	0.1220	+0.0022	0.1212
10	10	texture	0.1242	0.1197	+0.0044	0.1173
10	10	shape	0.1131	0.1109	+0.0022	0.1167
10	10	spatial	0.1353	0.1264	+0.0089	0.1239
10	11	clean	0.1242	0.1153	+0.0089	0.1190
10	11	texture	0.1242	0.1220	+0.0022	0.1220
10	11	shape	0.1131	0.0931	+0.0200	0.1015
10	11	spatial	0.1353	0.1308	+0.0044	0.1311
11	0	clean	0.1242	0.1153	+0.0089	0.1152
11	0	texture	0.1242	0.1286	-0.0044	0.1265
11	0	shape	0.1131	0.1086	+0.0044	0.1135
11	0	spatial	0.1353	0.1330	+0.0022	0.1268
11	1	clean	0.1242	0.1086	+0.0155	0.1108
11	1	texture	0.1242	0.1197	+0.0044	0.1192
11	1	shape	0.1131	0.0998	+0.0133	0.1045
11	1	spatial	0.1353	0.1220	+0.0133	0.1212
11	2	clean	0.1242	0.1286	-0.0044	0.1263
11	2	texture	0.1242	0.1131	+0.0111	0.1106
11	2	shape	0.1131	0.1242	-0.0111	0.1296
11	2	spatial	0.1353	0.1375	-0.0022	0.1291
11	3	clean	0.1242	0.1175	+0.0067	0.1173
11	3	texture	0.1242	0.1042	+0.0200	0.1037
11	3	shape	0.1131	0.1064	+0.0067	0.1110
11	3	spatial	0.1353	0.1286	+0.0067	0.1238
11	4	clean	0.1242	0.1286	-0.0044	0.1321
11	4	texture	0.1242	0.1153	+0.0089	0.1145
11	4	shape	0.1131	0.1197	-0.0067	0.1221
11	4	spatial	0.1353	0.1308	+0.0044	0.1268
11	5	clean	0.1242	0.1397	-0.0155	0.1381
11	5	texture	0.1242	0.1175	+0.0067	0.1154
11	5	shape	0.1131	0.1197	-0.0067	0.1263
11	5	spatial	0.1353	0.1441	-0.0089	0.1357
11	6	clean	0.1242	0.1197	+0.0044	0.1194
11	6	texture	0.1242	0.1131	+0.0111	0.1117
11	6	shape	0.1131	0.1109	+0.0022	0.1159
11	6	spatial	0.1353	0.1286	+0.0067	0.1258
11	7	clean	0.1242	0.1153	+0.0089	0.1144
11	7	texture	0.1242	0.1175	+0.0067	0.1126
11	7	shape	0.1131	0.1175	-0.0044	0.1224
11	7	spatial	0.1353	0.1286	+0.0067	0.1233
11	8	clean	0.1242	0.1175	+0.0067	0.1168
11	8	texture	0.1242	0.1175	+0.0067	0.1157
11	8	shape	0.1131	0.1242	-0.0111	0.1308
11	8	spatial	0.1353	0.1330	+0.0022	0.1267
11	9	clean	0.1242	0.1220	+0.0022	0.1212
11	9	texture	0.1242	0.1197	+0.0044	0.1184
11	9	shape	0.1131	0.1175	-0.0044	0.1215
11	9	spatial	0.1353	0.1330	+0.0022	0.1280
11	10	clean	0.1242	0.1264	-0.0022	0.1251
11	10	texture	0.1242	0.1220	+0.0022	0.1197
11	10	shape	0.1131	0.1153	-0.0022	0.1166
11	10	spatial	0.1353	0.1353	+0.0000	0.1310
11	11	clean	0.1242	0.1109	+0.0133	0.1104
11	11	texture	0.1242	0.1153	+0.0089	0.1146
11	11	shape	0.1131	0.1064	+0.0067	0.1119
11	11	spatial	0.1353	0.1286	+0.0067	0.1240
